review_text,sentiment
"The hands-on labs were the highlight of this course — building a neural net from scratch made abstract concepts click in ways the lectures never did.",1
"Instructor spent three sessions on linear algebra prerequisites that most of us already knew, which felt like a waste of paid time.",0
"I came in with zero ML background and managed to follow along, though the jump from week 4 to week 5 felt like someone skipped a chapter.",1
"The course promised real-world industry projects but most labs used toy datasets that felt disconnected from actual deployment scenarios.",0
"Got my first data scientist interview call within two weeks of finishing — the portfolio projects were genuinely impressive to hiring managers.",1
"Explanations of backpropagation were technically correct but delivered in a way that assumed you already understood what you were trying to learn.",0
"Decent introduction to scikit-learn, but if you've done any Kaggle competitions before, you'll find yourself waiting for others to catch up.",0
"The instructor's habit of jumping between slides and live code without warning made it hard to know where to look or take notes.",0
"Office hours were surprisingly accessible and the instructor remembered where each student was in their learning journey, which felt rare.",1
"I learned more from the recommended reading list than from the actual lectures, which says something about the course delivery.",0
"The curriculum strikes a genuinely rare balance between theory and application — I understood WHY gradient descent works, not just how to call it.",1
"Support tickets for lab environment issues took three to five days to resolve, and losing lab time mid-assignment was genuinely frustrating.",0
"Pacing felt rushed in the deep learning module but the earlier classical ML section was well-structured and appropriately challenging.",0
"The capstone project was the best learning experience I've had in any online course — realistic scope, real feedback, and actual iteration cycles.",1
"Quizzes were either trivially easy or completely unrelated to what was covered in lecture, with almost nothing in between.",0
"I appreciated that the instructor acknowledged when a question was outside their expertise rather than bluffing through an answer.",1
"The course materials haven't been updated since 2022, and some of the library syntax is deprecated enough that labs break without workarounds.",0
"Completing this course didn't feel like checking a box — it felt like actually becoming someone who can do machine learning work.",1
"Group project component was well-intentioned but poorly structured — no guidance on team dynamics and grading criteria stayed vague throughout.",0
"The way the instructor connected statistical intuition to code implementation was the clearest I've seen this subject taught anywhere.",1
"Spent more time debugging environment setup than actually learning ML concepts in the first two weeks.",0
"Course content is strong but the recorded lectures need editing — 90-minute sessions with 20 minutes of tangents become hard to revisit.",0
"I've taken five ML courses and this is the only one where I genuinely understood the math without feeling lost or patronized.",1
"Promised mentorship sessions turned out to be 15-minute group Q&As with 30 students, which isn't really mentorship.",0
"The feature engineering module alone was worth the entire course fee — specific, practical, and taught with real business context.",1
"Sentiment analysis project was interesting conceptually but the dataset provided had so many labeling errors it undermined the learning.",0
"Surprisingly honest about what ML can and cannot do in production — I left with calibrated expectations rather than inflated ones.",1
"The community Slack was active and genuinely helpful, often faster than official support for debugging lab issues.",1
"Video quality and audio are inconsistent across modules, which shouldn't be a problem in 2024 for a paid course at this price point.",0
"I landed a promotion to a senior analyst role and directly attributed it to the time series forecasting module in this course.",1
"The course conflates data science with machine learning engineering without being transparent about which career track it's actually preparing you for.",0
"Lectures were clear and engaging, but lab instructions often left critical steps ambiguous enough to send students in the wrong direction.",0
"The instructor's industry war stories added real texture to abstract concepts and made the material feel relevant rather than academic.",1
"Peer review system was thoughtfully designed — I got feedback that was more useful than I expected from fellow students.",1
"Hyperparameter tuning section felt like a recipe handed down without explanation — I followed steps but never understood the reasoning.",0
"This course gave me the confidence to contribute to ML discussions at work, which I previously would have avoided entirely.",1
"The final exam tested memorization of framework APIs rather than conceptual understanding, which felt like the wrong thing to assess.",0
"Every module started with a clear learning objective and ended with a check on whether that objective was actually met — deceptively rare.",1
"I would rate the course higher if the forums were moderated — a lot of incorrect answers went unchallenged for days.",0
"The NLP module was genuinely ahead of what most courses offer at this price — covered embeddings, attention, and practical fine-tuning.",1
"Lab autograder gave wrong feedback on two assignments and the appeals process added two weeks of unnecessary stress.",0
"The course is well-designed but the certification carries almost no weight with employers I've spoken to in the job market.",0
"Instructor responded to my question in the forum within an hour and the explanation was more thorough than the lecture itself.",1
"The reinforcement learning bonus module was clearly added as an afterthought and felt out of place in an otherwise cohesive curriculum.",0
"I came for the Python ML content and stayed for the instructor's way of making statistical reasoning feel intuitive rather than intimidating.",1
"Course structure is logical on paper but in practice the dependencies between modules weren't communicated clearly enough.",0
"The live coding sessions were messy in a good way — watching someone debug in real time taught me more than polished demos.",1
"Career support module was a thin PDF of generic LinkedIn tips that had no connection to the ML-specific job market.",0
"The reading materials were curated with obvious care — not textbook dumps, but selections chosen because they actually illuminate the concepts.",1
"I finished the course feeling like I learned the vocabulary of ML without really learning the language.",0
"The way ethics and bias were integrated throughout rather than siloed into one token lecture showed the instructor actually cared about it.",1
"Assignments had hard deadlines with no extension policy, which is fine for structure but brutal when lab environments break down.",0
"This course changed the trajectory of my career in ways I couldn't have predicted — that's not hyperbole, it's just what happened.",1
"The machine learning pipeline coverage was solid but skipped feature stores, model registries, and anything resembling MLOps.",0
"Labs are the most realistic simulation of actual ML work I've encountered in a course setting — messy data, unclear objectives, iteration.",1
"The instructor is clearly brilliant but lectures to the back of the room, not to the students who are confused in the front.",0
"I appreciated being assigned readings before live sessions — it made the class discussion feel like a seminar rather than a passive lecture.",1
"Peer learning component was optional and clearly an afterthought — the course would be stronger if collaboration was built into the structure.",0
"Model interpretability section was thorough and practical — SHAP values and LIME weren't just mentioned, they were used on real examples.",1
"The course marketing oversold career outcomes and underdelivered on the curriculum depth needed to actually achieve them.",0
"Three months after completing this course I passed a technical ML screening that I genuinely didn't expect to pass.",1
"Discussion forums had a toxic undercurrent of competitiveness that made asking basic questions feel socially risky.",0
"The bias-variance tradeoff explanation was the clearest I have encountered — I finally understand it rather than just being able to recite it.",1
"Week 6 material assumed knowledge from an elective module that many students hadn't taken, creating a confusing gap.",0
"The course is technically sound but emotionally flat — no sense of why any of this matters or what you'd build with it.",0
"I used the cross-validation techniques from this course in a research paper that got accepted — directly applicable academic impact.",1
"The instructor has a genuine gift for analogy — explaining softmax through a voting system was the moment everything clicked.",1
"Certificate was issued with my name misspelled and the support process to fix it took longer than the course itself.",0
"The data preprocessing module covered things I've never seen taught well before, and it's arguably the most practically important part of ML.",1
"Course assumed Mac or Linux environment and Windows users were left to figure out compatibility issues on their own.",0
"I failed the midpoint assessment twice and got personal feedback both times that was specific enough to actually help me improve.",1
"The pace accelerated so sharply in the second half that students who were keeping up in week 6 were lost by week 8.",0
"Recommending this course to my colleagues feels safe in a way that recommending most courses does not.",1
"The project rubric rewarded completeness over creativity, which pushed students toward safer, less interesting solutions.",0
"The instructor's enthusiasm for the subject matter is genuinely contagious — it changed how I approach learning technical material.",1
"Labs frequently exceeded the estimated completion time by 100%, which disrupted planning for students working full time.",0
"This is the only course where I felt the instructor understood what it's like to encounter this material for the first time.",1
"Career outcomes data on the course landing page was never sourced or updated, making it difficult to trust.",0
"The final project was ambitious enough to be uncomfortable, which is exactly the right level for genuine learning.",1
"Guest speakers were credible practitioners rather than promotional appearances — actual working engineers from companies I recognize.",1
"The module on model deployment was added late and it shows — the content quality is noticeably lower than the rest of the course.",0
"I learned enough to be dangerous in the first month, but the course didn't push me far enough past that threshold.",0
"Accessibility for non-native English speakers was genuinely considered — captions, pace, and visual aids all worked together.",1
"The A/B testing and experimentation module was surprisingly rigorous — most ML courses treat this as an afterthought.",1
"Course community feels more like a support group than a learning environment, which is fine, but not what I paid for.",0
"I've applied more concepts from this course in actual work than from my entire graduate statistics sequence.",1
"The course breaks the fourth wall productively — instructor regularly explains why a topic is taught the way it is.",1
"Support resources existed but required knowing the right questions to ask, which is hard when you don't know what you don't know.",0
"The lab on imbalanced classification was one of the most practically useful things I've done in any technical course.",1
"Some modules felt like they were designed to impress rather than to teach — technically impressive but pedagogically confusing.",0
"I didn't expect to enjoy the theory sections but they were taught with enough connection to practice that I actually looked forward to them.",1
"Forum responses from the teaching team were sometimes condescending in tone, especially toward students asking foundational questions.",0
"The way the course builds on itself week over week is elegant — nothing felt arbitrary or disconnected.",1
"The grading was so lenient that high marks felt meaningless as a signal of whether I'd actually learned the material.",0
"For someone transitioning from a non-technical background, this course was hard but never discouraging — a difficult balance to strike.",1
"The course description said no math background was required, but the content clearly assumed comfort with linear algebra.",0
"The recommendation engine project was the closest I've felt to doing real ML product work rather than academic exercises.",1
"I finished every module but still don't feel confident enough to call myself a machine learning practitioner.",0
"The instructor turned what could have been dry statistical theory into something that felt like uncovering how the world actually works.",1
"Labs were well-designed but the auto-submission system regularly lost work without acknowledgment, which is an unacceptable failure mode.",0
"The course gave me a strong enough foundation that I was able to pick up new ML papers and mostly understand them.",1
"Curriculum felt like it was designed by committee — thorough in coverage but with no clear sense of what students should prioritize.",0
"The homework problems were the right difficulty — hard enough to require real thinking, easy enough not to require hints.",1
"I came back to this course twice, once as a student and once as a volunteer mentor, which tells you something about how I feel about it.",1
"The course conflates memorizing framework documentation with actually understanding machine learning, which are very different skills.",0
"The review session before each assessment was one of the most efficient uses of course time I've seen.",1
"Student success rate statistics cited in the course materials couldn't be verified and felt inflated.",0
"I chose this course over three others and don't regret it — the depth of the NLP coverage alone justified the decision.",1
"The course is good for people who want exposure to ML, but if you want to go deep, you'll hit a ceiling quickly.",0
"Something about the way this course is structured makes difficult material feel approachable without dumbing it down.",1
"Live session recordings were uploaded inconsistently — sometimes same day, sometimes after a week, and occasionally not at all.",0
"The course content aged well — revisiting it a year later, the fundamentals are still sound and the framework choices still relevant.",1
"The instructor's feedback on projects was technically excellent but occasionally harsh in tone for a learning environment.",0
"I started this course skeptical and finished it with a genuine career direction I didn't have before.",1
"The course oversimplifies the messiness of real data to the point where students may be unprepared for production environments.",0
"The structured approach to model evaluation — not just accuracy, but precision, recall, and business context — was the most useful part.",1
"Progress tracking in the learning management system was unreliable enough that I kept my own spreadsheet just to know where I was.",0
"This course earned a permanent spot in how I think about problem-solving, not just in ML but across technical work generally.",1
"The course feels like it was designed to get students to course completion rather than to actual competence.",0
"The instructor's ability to read the room during live sessions and adjust in real time is a skill most online instructors don't have.",1
"The ethics module was four minutes of slides at the end of week 10 — a missed opportunity in a field that needs this conversation.",0
"I went from not knowing what a tensor was to understanding transformer architecture by the end — that trajectory is genuinely impressive for one course.",1
"The course forum had more unanswered questions than answered ones, which doesn't inspire confidence in the support infrastructure.",0
"The way abstract loss functions were connected to real business objectives made the course feel relevant in a way most don't.",1
"Some instructors teaching in this course are clearly more experienced than others and the quality variance is too large to ignore.",0
